PRAGMA foreign_keys=OFF;
BEGIN TRANSACTION;
CREATE TABLE IF NOT EXISTS "django_migrations" ("id" integer NOT NULL PRIMARY KEY AUTOINCREMENT, "app" varchar(255) NOT NULL, "name" varchar(255) NOT NULL, "applied" datetime NOT NULL);
INSERT INTO django_migrations VALUES(1,'contenttypes','0001_initial','2022-11-02 14:00:06.801845');
INSERT INTO django_migrations VALUES(2,'auth','0001_initial','2022-11-02 14:00:06.844728');
INSERT INTO django_migrations VALUES(3,'admin','0001_initial','2022-11-02 14:00:06.891619');
INSERT INTO django_migrations VALUES(4,'admin','0002_logentry_remove_auto_add','2022-11-02 14:00:06.912248');
INSERT INTO django_migrations VALUES(5,'admin','0003_logentry_add_action_flag_choices','2022-11-02 14:00:06.939754');
INSERT INTO django_migrations VALUES(6,'contenttypes','0002_remove_content_type_name','2022-11-02 14:00:06.965737');
INSERT INTO django_migrations VALUES(7,'auth','0002_alter_permission_name_max_length','2022-11-02 14:00:06.981691');
INSERT INTO django_migrations VALUES(8,'auth','0003_alter_user_email_max_length','2022-11-02 14:00:07.002468');
INSERT INTO django_migrations VALUES(9,'auth','0004_alter_user_username_opts','2022-11-02 14:00:07.021662');
INSERT INTO django_migrations VALUES(10,'auth','0005_alter_user_last_login_null','2022-11-02 14:00:07.041804');
INSERT INTO django_migrations VALUES(11,'auth','0006_require_contenttypes_0002','2022-11-02 14:00:07.048988');
INSERT INTO django_migrations VALUES(12,'auth','0007_alter_validators_add_error_messages','2022-11-02 14:00:07.062973');
INSERT INTO django_migrations VALUES(13,'auth','0008_alter_user_username_max_length','2022-11-02 14:00:07.078560');
INSERT INTO django_migrations VALUES(14,'auth','0009_alter_user_last_name_max_length','2022-11-02 14:00:07.100960');
INSERT INTO django_migrations VALUES(15,'auth','0010_alter_group_name_max_length','2022-11-02 14:00:07.117739');
INSERT INTO django_migrations VALUES(16,'auth','0011_update_proxy_permissions','2022-11-02 14:00:07.127952');
INSERT INTO django_migrations VALUES(17,'auth','0012_alter_user_first_name_max_length','2022-11-02 14:00:07.144269');
INSERT INTO django_migrations VALUES(18,'pronostics','0001_initial','2022-11-02 14:00:07.208781');
INSERT INTO django_migrations VALUES(19,'sessions','0001_initial','2022-11-02 14:00:07.223230');
INSERT INTO django_migrations VALUES(20,'pronostics','0002_alter_prono_prono_date','2022-11-02 15:23:10.495894');
INSERT INTO django_migrations VALUES(21,'pronostics','0003_group','2022-11-02 15:45:09.263398');
INSERT INTO django_migrations VALUES(22,'pronostics','0004_team_iso2_team_iso3','2022-11-02 17:22:40.301320');
INSERT INTO django_migrations VALUES(23,'pronostics','0005_alter_team_iso2_alter_team_iso3','2022-11-02 17:28:47.200325');
INSERT INTO django_migrations VALUES(24,'pronostics','0006_remove_team_iso3_alter_team_iso2','2022-11-02 17:29:42.884708');
CREATE TABLE IF NOT EXISTS "auth_group_permissions" ("id" integer NOT NULL PRIMARY KEY AUTOINCREMENT, "group_id" integer NOT NULL REFERENCES "auth_group" ("id") DEFERRABLE INITIALLY DEFERRED, "permission_id" integer NOT NULL REFERENCES "auth_permission" ("id") DEFERRABLE INITIALLY DEFERRED);
CREATE TABLE IF NOT EXISTS "auth_user_groups" ("id" integer NOT NULL PRIMARY KEY AUTOINCREMENT, "user_id" integer NOT NULL REFERENCES "auth_user" ("id") DEFERRABLE INITIALLY DEFERRED, "group_id" integer NOT NULL REFERENCES "auth_group" ("id") DEFERRABLE INITIALLY DEFERRED);
CREATE TABLE IF NOT EXISTS "auth_user_user_permissions" ("id" integer NOT NULL PRIMARY KEY AUTOINCREMENT, "user_id" integer NOT NULL REFERENCES "auth_user" ("id") DEFERRABLE INITIALLY DEFERRED, "permission_id" integer NOT NULL REFERENCES "auth_permission" ("id") DEFERRABLE INITIALLY DEFERRED);
CREATE TABLE IF NOT EXISTS "django_admin_log" ("id" integer NOT NULL PRIMARY KEY AUTOINCREMENT, "object_id" text NULL, "object_repr" varchar(200) NOT NULL, "action_flag" smallint unsigned NOT NULL CHECK ("action_flag" >= 0), "change_message" text NOT NULL, "content_type_id" integer NULL REFERENCES "django_content_type" ("id") DEFERRABLE INITIALLY DEFERRED, "user_id" integer NOT NULL REFERENCES "auth_user" ("id") DEFERRABLE INITIALLY DEFERRED, "action_time" datetime NOT NULL);
INSERT INTO django_admin_log VALUES(1,'2','gfraysse: Senegal - Netherlands || 2 - 2',1,'[{"added": {}}]',5,1,'2022-11-02 14:05:35.612500');
INSERT INTO django_admin_log VALUES(2,'1','A',1,'[{"added": {}}]',12,1,'2022-11-02 15:46:14.998659');
INSERT INTO django_admin_log VALUES(3,'2','B',1,'[{"added": {}}]',12,1,'2022-11-02 15:46:28.730822');
INSERT INTO django_admin_log VALUES(4,'3','C',1,'[{"added": {}}]',12,1,'2022-11-02 15:46:42.591647');
INSERT INTO django_admin_log VALUES(5,'4','D',1,'[{"added": {}}]',12,1,'2022-11-02 15:46:55.659385');
INSERT INTO django_admin_log VALUES(6,'5','E',1,'[{"added": {}}]',12,1,'2022-11-02 15:47:08.712164');
INSERT INTO django_admin_log VALUES(7,'6','F',1,'[{"added": {}}]',12,1,'2022-11-02 15:47:24.528438');
INSERT INTO django_admin_log VALUES(8,'7','G',1,'[{"added": {}}]',12,1,'2022-11-02 15:47:38.383773');
INSERT INTO django_admin_log VALUES(9,'8','H',1,'[{"added": {}}]',12,1,'2022-11-02 15:47:52.686525');
INSERT INTO django_admin_log VALUES(10,'32','South Korea',2,'[{"changed": {"fields": ["Iso2", "Iso3"]}}]',3,1,'2022-11-02 17:24:32.078685');
INSERT INTO django_admin_log VALUES(11,'31','Uruguay',2,'[{"changed": {"fields": ["Iso2", "Iso3"]}}]',3,1,'2022-11-02 17:24:48.326521');
INSERT INTO django_admin_log VALUES(12,'1','Qatar',2,'[{"changed": {"fields": ["Iso2", "Iso3"]}}]',3,1,'2022-11-02 17:25:25.761941');
INSERT INTO django_admin_log VALUES(13,'2','Ecuador',2,'[{"changed": {"fields": ["Iso2", "Iso3"]}}]',3,1,'2022-11-02 17:25:52.794617');
INSERT INTO django_admin_log VALUES(14,'3','Senegal',2,'[{"changed": {"fields": ["Iso2", "Iso3"]}}]',3,1,'2022-11-02 17:26:12.699800');
INSERT INTO django_admin_log VALUES(15,'4','Netherlands',2,'[{"changed": {"fields": ["Iso2", "Iso3"]}}]',3,1,'2022-11-02 17:26:24.729496');
INSERT INTO django_admin_log VALUES(16,'5','England',2,'[{"changed": {"fields": ["Iso2", "Iso3"]}}]',3,1,'2022-11-02 17:27:01.210167');
INSERT INTO django_admin_log VALUES(17,'6','Iran',2,'[{"changed": {"fields": ["Iso2", "Iso3"]}}]',3,1,'2022-11-02 17:27:30.286626');
INSERT INTO django_admin_log VALUES(18,'7','United States',2,'[{"changed": {"fields": ["Iso2", "Iso3"]}}]',3,1,'2022-11-02 17:27:36.407454');
INSERT INTO django_admin_log VALUES(19,'5','England',2,'[{"changed": {"fields": ["Iso2"]}}]',3,1,'2022-11-02 17:29:55.793925');
INSERT INTO django_admin_log VALUES(20,'8','Wales',2,'[{"changed": {"fields": ["Iso2"]}}]',3,1,'2022-11-02 17:30:01.929991');
INSERT INTO django_admin_log VALUES(21,'9','Argentina',2,'[{"changed": {"fields": ["Iso2"]}}]',3,1,'2022-11-02 17:30:25.450745');
INSERT INTO django_admin_log VALUES(22,'10','Saudi Arabia',2,'[{"changed": {"fields": ["Iso2"]}}]',3,1,'2022-11-02 17:30:37.259567');
INSERT INTO django_admin_log VALUES(23,'11','Mexico',2,'[{"changed": {"fields": ["Iso2"]}}]',3,1,'2022-11-02 17:30:43.585755');
INSERT INTO django_admin_log VALUES(24,'12','Poland',2,'[{"changed": {"fields": ["Iso2"]}}]',3,1,'2022-11-02 17:30:53.114435');
INSERT INTO django_admin_log VALUES(25,'13','France',2,'[{"changed": {"fields": ["Iso2"]}}]',3,1,'2022-11-02 17:30:57.270060');
INSERT INTO django_admin_log VALUES(26,'14','Australia',2,'[{"changed": {"fields": ["Iso2"]}}]',3,1,'2022-11-02 17:31:01.922435');
INSERT INTO django_admin_log VALUES(27,'15','Denmark',2,'[{"changed": {"fields": ["Iso2"]}}]',3,1,'2022-11-02 17:31:07.658107');
INSERT INTO django_admin_log VALUES(28,'21','Belgium',2,'[{"changed": {"fields": ["Iso2"]}}]',3,1,'2022-11-02 17:37:42.965150');
INSERT INTO django_admin_log VALUES(29,'30','Ghana',2,'[{"changed": {"fields": ["Iso2"]}}]',3,1,'2022-11-02 17:38:06.309750');
INSERT INTO django_admin_log VALUES(30,'25','Brazil',2,'[{"changed": {"fields": ["Iso2"]}}]',3,1,'2022-11-02 17:38:11.640748');
INSERT INTO django_admin_log VALUES(31,'26','Serbia',2,'[{"changed": {"fields": ["Iso2"]}}]',3,1,'2022-11-02 17:38:21.227819');
INSERT INTO django_admin_log VALUES(32,'24','Croatia',2,'[{"changed": {"fields": ["Iso2"]}}]',3,1,'2022-11-02 17:38:34.090910');
INSERT INTO django_admin_log VALUES(33,'23','Morocco',2,'[{"changed": {"fields": ["Iso2"]}}]',3,1,'2022-11-02 17:38:38.203364');
INSERT INTO django_admin_log VALUES(34,'22','Canada',2,'[{"changed": {"fields": ["Iso2"]}}]',3,1,'2022-11-02 17:38:42.449259');
INSERT INTO django_admin_log VALUES(35,'28','Cameroon',2,'[{"changed": {"fields": ["Iso2"]}}]',3,1,'2022-11-02 17:38:54.502263');
INSERT INTO django_admin_log VALUES(36,'18','Costa Rica',2,'[{"changed": {"fields": ["Iso2"]}}]',3,1,'2022-11-02 17:39:00.093815');
INSERT INTO django_admin_log VALUES(37,'15','Denmark',2,'[{"changed": {"fields": ["Iso2"]}}]',3,1,'2022-11-02 17:39:11.382628');
INSERT INTO django_admin_log VALUES(38,'19','Germany',2,'[{"changed": {"fields": ["Iso2"]}}]',3,1,'2022-11-02 17:39:19.211086');
INSERT INTO django_admin_log VALUES(39,'20','Japan',2,'[{"changed": {"fields": ["Iso2"]}}]',3,1,'2022-11-02 17:39:31.069312');
INSERT INTO django_admin_log VALUES(40,'29','Portugal',2,'[{"changed": {"fields": ["Iso2"]}}]',3,1,'2022-11-02 17:39:39.541650');
INSERT INTO django_admin_log VALUES(41,'17','Spain',2,'[{"changed": {"fields": ["Iso2"]}}]',3,1,'2022-11-02 17:39:48.351404');
INSERT INTO django_admin_log VALUES(42,'27','Switzerland',2,'[{"changed": {"fields": ["Iso2"]}}]',3,1,'2022-11-02 17:40:04.228051');
INSERT INTO django_admin_log VALUES(43,'17','Spain',2,'[{"changed": {"fields": ["Iso2"]}}]',3,1,'2022-11-02 17:40:14.811413');
INSERT INTO django_admin_log VALUES(44,'16','Tunisia',2,'[{"changed": {"fields": ["Iso2"]}}]',3,1,'2022-11-02 17:40:24.940455');
INSERT INTO django_admin_log VALUES(45,'9','Wales - Iran',1,'[{"added": {}}]',1,1,'2022-11-02 19:12:39.150654');
INSERT INTO django_admin_log VALUES(46,'10','England - United States',1,'[{"added": {}}]',1,1,'2022-11-02 19:13:01.660172');
INSERT INTO django_admin_log VALUES(47,'11','Wales - England',1,'[{"added": {}}]',1,1,'2022-11-02 19:13:23.110677');
INSERT INTO django_admin_log VALUES(48,'12','Iran - United States',1,'[{"added": {}}]',1,1,'2022-11-02 19:13:45.896342');
INSERT INTO django_admin_log VALUES(49,'13','Argentina - Saudi Arabia',1,'[{"added": {}}]',1,1,'2022-11-02 19:14:09.573152');
INSERT INTO django_admin_log VALUES(50,'14','Mexico - Poland',1,'[{"added": {}}]',1,1,'2022-11-02 19:14:27.049240');
INSERT INTO django_admin_log VALUES(51,'15','Poland - Saudi Arabia',1,'[{"added": {}}]',1,1,'2022-11-02 19:14:50.818126');
INSERT INTO django_admin_log VALUES(52,'16','Argentina - Mexico',1,'[{"added": {}}]',1,1,'2022-11-02 19:15:09.309975');
INSERT INTO django_admin_log VALUES(53,'17','Poland - Argentina',1,'[{"added": {}}]',1,1,'2022-11-02 19:15:28.570245');
INSERT INTO django_admin_log VALUES(54,'18','Saudi Arabia - Mexico',1,'[{"added": {}}]',1,1,'2022-11-02 19:15:43.253317');
INSERT INTO django_admin_log VALUES(55,'19','Denmark - Tunisia',1,'[{"added": {}}]',1,1,'2022-11-02 19:16:01.827755');
INSERT INTO django_admin_log VALUES(56,'20','France - Australia',1,'[{"added": {}}]',1,1,'2022-11-02 19:16:22.832495');
INSERT INTO django_admin_log VALUES(57,'21','Tunisia - Australia',1,'[{"added": {}}]',1,1,'2022-11-02 19:16:43.513628');
INSERT INTO django_admin_log VALUES(58,'22','France - Denmark',1,'[{"added": {}}]',1,1,'2022-11-02 19:16:59.442260');
INSERT INTO django_admin_log VALUES(59,'23','Australia - Denmark',1,'[{"added": {}}]',1,1,'2022-11-02 19:17:25.865432');
INSERT INTO django_admin_log VALUES(60,'24','Tunisia - France',1,'[{"added": {}}]',1,1,'2022-11-02 19:17:41.271049');
INSERT INTO django_admin_log VALUES(61,'25','Germany - Japan',1,'[{"added": {}}]',1,1,'2022-11-02 19:18:00.836203');
INSERT INTO django_admin_log VALUES(62,'26','Spain - Costa Rica',1,'[{"added": {}}]',1,1,'2022-11-02 19:18:15.800419');
INSERT INTO django_admin_log VALUES(63,'27','Japan - Costa Rica',1,'[{"added": {}}]',1,1,'2022-11-02 19:18:32.849012');
INSERT INTO django_admin_log VALUES(64,'28','Spain - Germany',1,'[{"added": {}}]',1,1,'2022-11-02 19:18:49.153196');
INSERT INTO django_admin_log VALUES(65,'29','Japan - Spain',1,'[{"added": {}}]',1,1,'2022-11-02 19:19:13.201231');
INSERT INTO django_admin_log VALUES(66,'30','Costa Rica - Germany',1,'[{"added": {}}]',1,1,'2022-11-02 19:19:30.521908');
INSERT INTO django_admin_log VALUES(67,'31','Morocco - Croatia',1,'[{"added": {}}]',1,1,'2022-11-02 19:19:51.709872');
INSERT INTO django_admin_log VALUES(68,'32','Belgium - Morocco',1,'[{"added": {}}]',1,1,'2022-11-02 19:20:14.463750');
INSERT INTO django_admin_log VALUES(69,'33','Belgium - Morocco',1,'[{"added": {}}]',1,1,'2022-11-02 19:20:34.542569');
INSERT INTO django_admin_log VALUES(70,'34','Croatia - Canada',1,'[{"added": {}}]',1,1,'2022-11-02 19:20:50.956060');
INSERT INTO django_admin_log VALUES(71,'35','Croatia - Belgium',1,'[{"added": {}}]',1,1,'2022-11-02 19:21:08.794046');
INSERT INTO django_admin_log VALUES(72,'36','Canada - Morocco',1,'[{"added": {}}]',1,1,'2022-11-02 19:21:33.838718');
INSERT INTO django_admin_log VALUES(73,'37','Switzerland - Cameroon',1,'[{"added": {}}]',1,1,'2022-11-02 19:21:52.423873');
INSERT INTO django_admin_log VALUES(74,'38','Brazil - Serbia',1,'[{"added": {}}]',1,1,'2022-11-02 19:22:10.731759');
INSERT INTO django_admin_log VALUES(75,'39','Cameroon - Serbia',1,'[{"added": {}}]',1,1,'2022-11-02 19:22:26.427615');
INSERT INTO django_admin_log VALUES(76,'40','Brazil - Switzerland',1,'[{"added": {}}]',1,1,'2022-11-02 19:22:42.133360');
INSERT INTO django_admin_log VALUES(77,'41','Serbia - Switzerland',1,'[{"added": {}}]',1,1,'2022-11-02 19:23:08.384959');
INSERT INTO django_admin_log VALUES(78,'42','Cameroon - Brazil',1,'[{"added": {}}]',1,1,'2022-11-02 19:23:27.597968');
INSERT INTO django_admin_log VALUES(79,'43','Uruguay - South Korea',1,'[{"added": {}}]',1,1,'2022-11-02 19:23:53.759747');
INSERT INTO django_admin_log VALUES(80,'44','Portugal - Ghana',1,'[{"added": {}}]',1,1,'2022-11-02 19:24:08.468749');
INSERT INTO django_admin_log VALUES(81,'45','South Korea - Ghana',1,'[{"added": {}}]',1,1,'2022-11-02 19:24:22.624835');
INSERT INTO django_admin_log VALUES(82,'46','Portugal - Uruguay',1,'[{"added": {}}]',1,1,'2022-11-02 19:24:45.498405');
INSERT INTO django_admin_log VALUES(83,'47','Ghana - Uruguay',1,'[{"added": {}}]',1,1,'2022-11-02 19:25:02.418298');
INSERT INTO django_admin_log VALUES(84,'48','South Korea - Portugal',1,'[{"added": {}}]',1,1,'2022-11-02 19:25:16.942964');
CREATE TABLE IF NOT EXISTS "django_content_type" ("id" integer NOT NULL PRIMARY KEY AUTOINCREMENT, "app_label" varchar(100) NOT NULL, "model" varchar(100) NOT NULL);
INSERT INTO django_content_type VALUES(1,'pronostics','match');
INSERT INTO django_content_type VALUES(2,'pronostics','round');
INSERT INTO django_content_type VALUES(3,'pronostics','team');
INSERT INTO django_content_type VALUES(4,'pronostics','result');
INSERT INTO django_content_type VALUES(5,'pronostics','prono');
INSERT INTO django_content_type VALUES(6,'admin','logentry');
INSERT INTO django_content_type VALUES(7,'auth','permission');
INSERT INTO django_content_type VALUES(8,'auth','group');
INSERT INTO django_content_type VALUES(9,'auth','user');
INSERT INTO django_content_type VALUES(10,'contenttypes','contenttype');
INSERT INTO django_content_type VALUES(11,'sessions','session');
INSERT INTO django_content_type VALUES(12,'pronostics','group');
CREATE TABLE IF NOT EXISTS "auth_permission" ("id" integer NOT NULL PRIMARY KEY AUTOINCREMENT, "content_type_id" integer NOT NULL REFERENCES "django_content_type" ("id") DEFERRABLE INITIALLY DEFERRED, "codename" varchar(100) NOT NULL, "name" varchar(255) NOT NULL);
INSERT INTO auth_permission VALUES(1,1,'add_match','Can add match');
INSERT INTO auth_permission VALUES(2,1,'change_match','Can change match');
INSERT INTO auth_permission VALUES(3,1,'delete_match','Can delete match');
INSERT INTO auth_permission VALUES(4,1,'view_match','Can view match');
INSERT INTO auth_permission VALUES(5,2,'add_round','Can add round');
INSERT INTO auth_permission VALUES(6,2,'change_round','Can change round');
INSERT INTO auth_permission VALUES(7,2,'delete_round','Can delete round');
INSERT INTO auth_permission VALUES(8,2,'view_round','Can view round');
INSERT INTO auth_permission VALUES(9,3,'add_team','Can add team');
INSERT INTO auth_permission VALUES(10,3,'change_team','Can change team');
INSERT INTO auth_permission VALUES(11,3,'delete_team','Can delete team');
INSERT INTO auth_permission VALUES(12,3,'view_team','Can view team');
INSERT INTO auth_permission VALUES(13,4,'add_result','Can add result');
INSERT INTO auth_permission VALUES(14,4,'change_result','Can change result');
INSERT INTO auth_permission VALUES(15,4,'delete_result','Can delete result');
INSERT INTO auth_permission VALUES(16,4,'view_result','Can view result');
INSERT INTO auth_permission VALUES(17,5,'add_prono','Can add prono');
INSERT INTO auth_permission VALUES(18,5,'change_prono','Can change prono');
INSERT INTO auth_permission VALUES(19,5,'delete_prono','Can delete prono');
INSERT INTO auth_permission VALUES(20,5,'view_prono','Can view prono');
INSERT INTO auth_permission VALUES(21,6,'add_logentry','Can add log entry');
INSERT INTO auth_permission VALUES(22,6,'change_logentry','Can change log entry');
INSERT INTO auth_permission VALUES(23,6,'delete_logentry','Can delete log entry');
INSERT INTO auth_permission VALUES(24,6,'view_logentry','Can view log entry');
INSERT INTO auth_permission VALUES(25,7,'add_permission','Can add permission');
INSERT INTO auth_permission VALUES(26,7,'change_permission','Can change permission');
INSERT INTO auth_permission VALUES(27,7,'delete_permission','Can delete permission');
INSERT INTO auth_permission VALUES(28,7,'view_permission','Can view permission');
INSERT INTO auth_permission VALUES(29,8,'add_group','Can add group');
INSERT INTO auth_permission VALUES(30,8,'change_group','Can change group');
INSERT INTO auth_permission VALUES(31,8,'delete_group','Can delete group');
INSERT INTO auth_permission VALUES(32,8,'view_group','Can view group');
INSERT INTO auth_permission VALUES(33,9,'add_user','Can add user');
INSERT INTO auth_permission VALUES(34,9,'change_user','Can change user');
INSERT INTO auth_permission VALUES(35,9,'delete_user','Can delete user');
INSERT INTO auth_permission VALUES(36,9,'view_user','Can view user');
INSERT INTO auth_permission VALUES(37,10,'add_contenttype','Can add content type');
INSERT INTO auth_permission VALUES(38,10,'change_contenttype','Can change content type');
INSERT INTO auth_permission VALUES(39,10,'delete_contenttype','Can delete content type');
INSERT INTO auth_permission VALUES(40,10,'view_contenttype','Can view content type');
INSERT INTO auth_permission VALUES(41,11,'add_session','Can add session');
INSERT INTO auth_permission VALUES(42,11,'change_session','Can change session');
INSERT INTO auth_permission VALUES(43,11,'delete_session','Can delete session');
INSERT INTO auth_permission VALUES(44,11,'view_session','Can view session');
INSERT INTO auth_permission VALUES(45,12,'add_group','Can add group');
INSERT INTO auth_permission VALUES(46,12,'change_group','Can change group');
INSERT INTO auth_permission VALUES(47,12,'delete_group','Can delete group');
INSERT INTO auth_permission VALUES(48,12,'view_group','Can view group');
CREATE TABLE IF NOT EXISTS "auth_group" ("id" integer NOT NULL PRIMARY KEY AUTOINCREMENT, "name" varchar(150) NOT NULL UNIQUE);
CREATE TABLE IF NOT EXISTS "auth_user" ("id" integer NOT NULL PRIMARY KEY AUTOINCREMENT, "password" varchar(128) NOT NULL, "last_login" datetime NULL, "is_superuser" bool NOT NULL, "username" varchar(150) NOT NULL UNIQUE, "last_name" varchar(150) NOT NULL, "email" varchar(254) NOT NULL, "is_staff" bool NOT NULL, "is_active" bool NOT NULL, "date_joined" datetime NOT NULL, "first_name" varchar(150) NOT NULL);
INSERT INTO auth_user VALUES(1,'pbkdf2_sha256$390000$8JhhkDHoYqyqk4iC0UhPjN$OEu3MIRslqcHB03mREE63aDe7tqqiy/XenQ04Mr2nnI=','2022-11-02 16:24:25.120756',1,'gfraysse','','gfraysse.spam+django@gmail.com',1,1,'2022-11-01 20:10:19.359108','');
CREATE TABLE IF NOT EXISTS "pronostics_round" ("id" integer NOT NULL PRIMARY KEY AUTOINCREMENT, "round_name" varchar(200) NOT NULL, "extra_time_possible" bool NOT NULL);
INSERT INTO pronostics_round VALUES(1,'Phase de poule',0);
INSERT INTO pronostics_round VALUES(2,'16ème de finale',1);
INSERT INTO pronostics_round VALUES(3,'8ème de finale',1);
INSERT INTO pronostics_round VALUES(4,'Quarts de finale',1);
INSERT INTO pronostics_round VALUES(5,'Demi finale',1);
INSERT INTO pronostics_round VALUES(6,'Finale',1);
INSERT INTO pronostics_round VALUES(7,'Match pour le 3ème place',1);
CREATE TABLE IF NOT EXISTS "pronostics_result" ("id" integer NOT NULL PRIMARY KEY AUTOINCREMENT, "score_team1" integer NOT NULL, "score_team2" integer NOT NULL, "extratime" bool NOT NULL, "score_extratime_team1" integer NULL, "score_extratime_team2" integer NULL, "vainqueur" integer NULL, "match_id" bigint NOT NULL REFERENCES "pronostics_match" ("id") DEFERRABLE INITIALLY DEFERRED);
CREATE TABLE IF NOT EXISTS "pronostics_match" ("id" integer NOT NULL PRIMARY KEY AUTOINCREMENT, "match_id" integer NOT NULL, "match_date" datetime NOT NULL, "match_round_id" bigint NOT NULL REFERENCES "pronostics_round" ("id") DEFERRABLE INITIALLY DEFERRED, "team1_id" bigint NOT NULL REFERENCES "pronostics_team" ("id") DEFERRABLE INITIALLY DEFERRED, "team2_id" bigint NOT NULL REFERENCES "pronostics_team" ("id") DEFERRABLE INITIALLY DEFERRED);
INSERT INTO pronostics_match VALUES(1,1,'2022-11-20 19:00:00',1,1,2);
INSERT INTO pronostics_match VALUES(2,2,'2022-11-21 19:00:00',1,3,4);
INSERT INTO pronostics_match VALUES(3,18,'2022-11-25 16:00:00',1,1,3);
INSERT INTO pronostics_match VALUES(4,19,'2022-11-25 19:00:00',1,4,2);
INSERT INTO pronostics_match VALUES(5,35,'2022-11-29 18:00:00',1,2,3);
INSERT INTO pronostics_match VALUES(6,36,'2022-11-29 18:00:00',1,4,1);
INSERT INTO pronostics_match VALUES(7,3,'2022-11-21 16:00:00',1,5,6);
INSERT INTO pronostics_match VALUES(8,4,'2022-11-21 22:00:00',1,7,8);
INSERT INTO pronostics_match VALUES(9,17,'2022-11-25 13:00:00',1,8,6);
INSERT INTO pronostics_match VALUES(10,20,'2022-11-25 22:00:00',1,5,7);
INSERT INTO pronostics_match VALUES(11,33,'2022-11-29 22:00:00',1,8,5);
INSERT INTO pronostics_match VALUES(12,34,'2022-11-29 22:00:00',1,6,7);
INSERT INTO pronostics_match VALUES(13,8,'2022-11-22 13:00:00',1,9,10);
INSERT INTO pronostics_match VALUES(14,7,'2022-11-22 19:00:00',1,11,12);
INSERT INTO pronostics_match VALUES(15,22,'2022-11-26 16:00:00',1,12,10);
INSERT INTO pronostics_match VALUES(16,24,'2022-11-26 22:00:00',1,9,11);
INSERT INTO pronostics_match VALUES(17,39,'2022-11-30 22:00:00',1,12,9);
INSERT INTO pronostics_match VALUES(18,40,'2022-11-30 22:00:00',1,10,11);
INSERT INTO pronostics_match VALUES(19,6,'2022-11-22 16:00:00',1,15,16);
INSERT INTO pronostics_match VALUES(20,5,'2022-11-22 22:00:00',1,13,14);
INSERT INTO pronostics_match VALUES(21,21,'2022-11-26 13:00:00',1,16,14);
INSERT INTO pronostics_match VALUES(22,23,'2022-11-26 19:00:00',1,13,15);
INSERT INTO pronostics_match VALUES(23,37,'2022-11-30 18:00:00',1,14,15);
INSERT INTO pronostics_match VALUES(24,38,'2022-11-30 18:00:00',1,16,13);
INSERT INTO pronostics_match VALUES(25,11,'2022-11-23 16:00:00',1,19,20);
INSERT INTO pronostics_match VALUES(26,10,'2022-11-23 19:00:00',1,17,18);
INSERT INTO pronostics_match VALUES(27,25,'2022-11-27 13:00:00',1,20,18);
INSERT INTO pronostics_match VALUES(28,28,'2022-11-27 22:00:00',1,17,19);
INSERT INTO pronostics_match VALUES(29,43,'2022-12-01 22:00:00',1,20,17);
INSERT INTO pronostics_match VALUES(30,44,'2022-12-01 22:00:00',1,18,19);
INSERT INTO pronostics_match VALUES(31,12,'2022-11-23 13:00:00',1,23,24);
INSERT INTO pronostics_match VALUES(32,9,'2022-11-27 16:00:00',1,21,23);
INSERT INTO pronostics_match VALUES(33,26,'2022-11-27 16:00:00',1,21,23);
INSERT INTO pronostics_match VALUES(34,27,'2022-11-27 19:00:00',1,24,22);
INSERT INTO pronostics_match VALUES(35,41,'2022-12-01 18:00:00',1,24,21);
INSERT INTO pronostics_match VALUES(36,42,'2022-12-01 18:00:00',1,22,23);
INSERT INTO pronostics_match VALUES(37,13,'2022-11-24 13:00:00',1,27,28);
INSERT INTO pronostics_match VALUES(38,16,'2022-11-24 22:00:00',1,25,26);
INSERT INTO pronostics_match VALUES(39,29,'2022-11-28 13:00:00',1,28,26);
INSERT INTO pronostics_match VALUES(40,31,'2022-11-28 19:00:00',1,25,27);
INSERT INTO pronostics_match VALUES(41,47,'2022-12-02 22:00:00',1,26,27);
INSERT INTO pronostics_match VALUES(42,48,'2022-12-02 22:00:00',1,28,25);
INSERT INTO pronostics_match VALUES(43,14,'2022-11-24 16:00:00',1,31,32);
INSERT INTO pronostics_match VALUES(44,15,'2022-11-24 19:00:00',1,29,30);
INSERT INTO pronostics_match VALUES(45,30,'2022-11-28 19:00:00',1,32,30);
INSERT INTO pronostics_match VALUES(46,32,'2022-11-28 22:00:00',1,29,31);
INSERT INTO pronostics_match VALUES(47,45,'2022-12-02 18:00:00',1,30,31);
INSERT INTO pronostics_match VALUES(48,46,'2022-12-02 18:00:00',1,32,29);
CREATE TABLE IF NOT EXISTS "django_session" ("session_key" varchar(40) NOT NULL PRIMARY KEY, "session_data" text NOT NULL, "expire_date" datetime NOT NULL);
INSERT INTO django_session VALUES('jp6k1v50f2diwxwe8pi5h5mrxzq9g7nl','.eJxVjEEOwiAQRe_C2hBggIBL956BzMAgVUOT0q6Md9cmXej2v_f-SyTc1pa2wUuaijgLLU6_G2F-cN9BuWO_zTLPfV0mkrsiDzrkdS78vBzu30HD0b61Uh5NNeCgWA-RVHWmgs5IjJYUZFss-OrYUYwRIGgXbGZ0lXMMHMT7A9OxN9U:1oqGXR:sFNo9h9r3Ab9Jjx2N0qIcY1WOFG9rZsyPYjX0mdfHpE','2022-11-16 16:24:25.126058');
CREATE TABLE IF NOT EXISTS "pronostics_prono" ("id" integer NOT NULL PRIMARY KEY AUTOINCREMENT, "score_team1" integer NOT NULL, "score_team2" integer NOT NULL, "extratime" bool NOT NULL, "score_extratime_team1" integer NULL, "score_extratime_team2" integer NULL, "vainqueur" integer NULL, "match_id" bigint NOT NULL REFERENCES "pronostics_match" ("id") DEFERRABLE INITIALLY DEFERRED, "pronostiqueur_id" integer NOT NULL REFERENCES "auth_user" ("id") DEFERRABLE INITIALLY DEFERRED, "prono_date" datetime NOT NULL);
INSERT INTO pronostics_prono VALUES(1,1,1,0,1,1,1,1,1,'2022-11-01 21:01:16');
INSERT INTO pronostics_prono VALUES(2,2,2,0,2,2,3,2,1,'2022-11-02 14:05:17');
INSERT INTO pronostics_prono VALUES(6,0,0,0,NULL,NULL,NULL,8,1,'2022-11-02 16:16:14.388908');
CREATE TABLE IF NOT EXISTS "pronostics_group" ("id" integer NOT NULL PRIMARY KEY AUTOINCREMENT, "name" varchar(1) NULL, "team1_id" bigint NOT NULL REFERENCES "pronostics_team" ("id") DEFERRABLE INITIALLY DEFERRED, "team2_id" bigint NOT NULL REFERENCES "pronostics_team" ("id") DEFERRABLE INITIALLY DEFERRED, "team3_id" bigint NOT NULL REFERENCES "pronostics_team" ("id") DEFERRABLE INITIALLY DEFERRED, "team4_id" bigint NOT NULL REFERENCES "pronostics_team" ("id") DEFERRABLE INITIALLY DEFERRED);
INSERT INTO pronostics_group VALUES(1,'A',1,2,3,4);
INSERT INTO pronostics_group VALUES(2,'B',5,6,7,8);
INSERT INTO pronostics_group VALUES(3,'C',9,10,11,12);
INSERT INTO pronostics_group VALUES(4,'D',13,14,15,16);
INSERT INTO pronostics_group VALUES(5,'E',17,18,19,20);
INSERT INTO pronostics_group VALUES(6,'F',21,22,23,24);
INSERT INTO pronostics_group VALUES(7,'G',25,26,27,28);
INSERT INTO pronostics_group VALUES(8,'H',29,30,31,32);
CREATE TABLE IF NOT EXISTS "pronostics_team" ("id" integer NOT NULL PRIMARY KEY AUTOINCREMENT, "name" varchar(50) NULL, "iso2" varchar(6) NULL);
INSERT INTO pronostics_team VALUES(1,'Qatar','qa');
INSERT INTO pronostics_team VALUES(2,'Ecuador','ec');
INSERT INTO pronostics_team VALUES(3,'Senegal','sn');
INSERT INTO pronostics_team VALUES(4,'Netherlands','nl');
INSERT INTO pronostics_team VALUES(5,'England','gb-eng');
INSERT INTO pronostics_team VALUES(6,'Iran','ir');
INSERT INTO pronostics_team VALUES(7,'United States','us');
INSERT INTO pronostics_team VALUES(8,'Wales','gb-wls');
INSERT INTO pronostics_team VALUES(9,'Argentina','ar');
INSERT INTO pronostics_team VALUES(10,'Saudi Arabia','sa');
INSERT INTO pronostics_team VALUES(11,'Mexico','mx');
INSERT INTO pronostics_team VALUES(12,'Poland','pl');
INSERT INTO pronostics_team VALUES(13,'France','fr');
INSERT INTO pronostics_team VALUES(14,'Australia','au');
INSERT INTO pronostics_team VALUES(15,'Denmark','de');
INSERT INTO pronostics_team VALUES(16,'Tunisia','tn');
INSERT INTO pronostics_team VALUES(17,'Spain','es');
INSERT INTO pronostics_team VALUES(18,'Costa Rica','cr');
INSERT INTO pronostics_team VALUES(19,'Germany','de');
INSERT INTO pronostics_team VALUES(20,'Japan','jp');
INSERT INTO pronostics_team VALUES(21,'Belgium','be');
INSERT INTO pronostics_team VALUES(22,'Canada','ca');
INSERT INTO pronostics_team VALUES(23,'Morocco','ma');
INSERT INTO pronostics_team VALUES(24,'Croatia','hr');
INSERT INTO pronostics_team VALUES(25,'Brazil','br');
INSERT INTO pronostics_team VALUES(26,'Serbia','rs');
INSERT INTO pronostics_team VALUES(27,'Switzerland','ch');
INSERT INTO pronostics_team VALUES(28,'Cameroon','cm');
INSERT INTO pronostics_team VALUES(29,'Portugal','pt');
INSERT INTO pronostics_team VALUES(30,'Ghana','gh');
INSERT INTO pronostics_team VALUES(31,'Uruguay','uy');
INSERT INTO pronostics_team VALUES(32,'South Korea','kr');
DELETE FROM sqlite_sequence;
INSERT INTO sqlite_sequence VALUES('django_migrations',24);
INSERT INTO sqlite_sequence VALUES('django_admin_log',84);
INSERT INTO sqlite_sequence VALUES('django_content_type',12);
INSERT INTO sqlite_sequence VALUES('auth_permission',48);
INSERT INTO sqlite_sequence VALUES('auth_group',0);
INSERT INTO sqlite_sequence VALUES('auth_user',1);
INSERT INTO sqlite_sequence VALUES('pronostics_match',48);
INSERT INTO sqlite_sequence VALUES('pronostics_round',7);
INSERT INTO sqlite_sequence VALUES('pronostics_prono',6);
INSERT INTO sqlite_sequence VALUES('pronostics_group',8);
INSERT INTO sqlite_sequence VALUES('pronostics_team',32);
CREATE UNIQUE INDEX "auth_group_permissions_group_id_permission_id_0cd325b0_uniq" ON "auth_group_permissions" ("group_id", "permission_id");
CREATE INDEX "auth_group_permissions_group_id_b120cbf9" ON "auth_group_permissions" ("group_id");
CREATE INDEX "auth_group_permissions_permission_id_84c5c92e" ON "auth_group_permissions" ("permission_id");
CREATE UNIQUE INDEX "auth_user_groups_user_id_group_id_94350c0c_uniq" ON "auth_user_groups" ("user_id", "group_id");
CREATE INDEX "auth_user_groups_user_id_6a12ed8b" ON "auth_user_groups" ("user_id");
CREATE INDEX "auth_user_groups_group_id_97559544" ON "auth_user_groups" ("group_id");
CREATE UNIQUE INDEX "auth_user_user_permissions_user_id_permission_id_14a6b632_uniq" ON "auth_user_user_permissions" ("user_id", "permission_id");
CREATE INDEX "auth_user_user_permissions_user_id_a95ead1b" ON "auth_user_user_permissions" ("user_id");
CREATE INDEX "auth_user_user_permissions_permission_id_1fbb5f2c" ON "auth_user_user_permissions" ("permission_id");
CREATE INDEX "django_admin_log_content_type_id_c4bce8eb" ON "django_admin_log" ("content_type_id");
CREATE INDEX "django_admin_log_user_id_c564eba6" ON "django_admin_log" ("user_id");
CREATE UNIQUE INDEX "django_content_type_app_label_model_76bd3d3b_uniq" ON "django_content_type" ("app_label", "model");
CREATE UNIQUE INDEX "auth_permission_content_type_id_codename_01ab375a_uniq" ON "auth_permission" ("content_type_id", "codename");
CREATE INDEX "auth_permission_content_type_id_2f476e4b" ON "auth_permission" ("content_type_id");
CREATE INDEX "pronostics_result_match_id_aa56dcdf" ON "pronostics_result" ("match_id");
CREATE INDEX "pronostics_match_match_round_id_12642348" ON "pronostics_match" ("match_round_id");
CREATE INDEX "pronostics_match_team1_id_0870592e" ON "pronostics_match" ("team1_id");
CREATE INDEX "pronostics_match_team2_id_fd895c64" ON "pronostics_match" ("team2_id");
CREATE INDEX "django_session_expire_date_a5c62663" ON "django_session" ("expire_date");
CREATE INDEX "pronostics_prono_match_id_dcc91b24" ON "pronostics_prono" ("match_id");
CREATE INDEX "pronostics_prono_pronostiqueur_id_8f9cdaaa" ON "pronostics_prono" ("pronostiqueur_id");
CREATE INDEX "pronostics_group_team1_id_454fc149" ON "pronostics_group" ("team1_id");
CREATE INDEX "pronostics_group_team2_id_3e08b943" ON "pronostics_group" ("team2_id");
CREATE INDEX "pronostics_group_team3_id_b7faa4b2" ON "pronostics_group" ("team3_id");
CREATE INDEX "pronostics_group_team4_id_d40eaea6" ON "pronostics_group" ("team4_id");
COMMIT;
